{"cameraMode":{"drawMode":0,"name":"Shaded","section":"Shading Mode"},"sceneLighting":false,"audioPlay":false,"sceneViewState":{"m_AlwaysRefresh":false,"showFog":true,"showSkybox":false,"showFlares":true,"showImageEffects":true,"showParticleSystems":true,"showVisualEffectGraphs":true,"m_FxEnabled":true},"in2DMode":false,"pivot":{"x":284.07342529296877,"y":180.0718536376953,"z":184.42752075195313},"rotation":{"x":-0.08154737204313278,"y":-0.0014725254150107504,"z":-0.0009258127538487315,"w":-0.9970000982284546},"size":292.604248046875,"orthographic":false}