{"cameraMode":{"drawMode":0,"name":"Shaded","section":"Shading Mode"},"sceneLighting":false,"audioPlay":false,"sceneViewState":{"m_AlwaysRefresh":false,"showFog":true,"showSkybox":false,"showFlares":true,"showImageEffects":true,"showParticleSystems":true,"showVisualEffectGraphs":true,"m_FxEnabled":true},"in2DMode":false,"pivot":{"x":-3.4200000762939455,"y":54.599998474121097,"z":-50.790000915527347},"rotation":{"x":-0.509513258934021,"y":-0.008552088402211666,"z":0.004961252212524414,"w":-0.8604777455329895},"size":1.2247449159622193,"orthographic":false}