{"cameraMode":{"drawMode":0,"name":"Shaded","section":"Shading Mode"},"sceneLighting":true,"audioPlay":false,"sceneViewState":{"m_AlwaysRefresh":false,"showFog":true,"showSkybox":false,"showFlares":true,"showImageEffects":true,"showParticleSystems":true,"showVisualEffectGraphs":true,"m_FxEnabled":true},"in2DMode":false,"pivot":{"x":0.005766920745372772,"y":0.5338732004165649,"z":-0.01076839491724968},"rotation":{"x":-0.07606466859579086,"y":0.8520035743713379,"z":-0.12934444844722749,"w":-0.5017167925834656},"size":2.9335081577301027,"orthographic":false}