{"cameraMode":{"drawMode":0,"name":"Shaded","section":"Shading Mode"},"sceneLighting":true,"audioPlay":false,"sceneViewState":{"m_AlwaysRefresh":false,"showFog":true,"showSkybox":true,"showFlares":true,"showImageEffects":true,"showParticleSystems":true,"showVisualEffectGraphs":true,"m_FxEnabled":true},"in2DMode":false,"pivot":{"x":362.4561767578125,"y":1934.4984130859375,"z":521.179931640625},"rotation":{"x":-0.15002834796905518,"y":-0.028750848025083543,"z":0.0033238918986171486,"w":-0.9883905053138733},"size":9.486952781677246,"orthographic":false}